DistFromStart,TrackLeft, TrackCenterLeft, TrackCenter, TrackCenterRight, TrackRight,TrackPosition,AngleToTrackAxis, RPM,Speed, SpeedY,Accelerate,Brake,Steering, Gear
5684.1,8.55639,16.0807,195.357,16.0811,8.55657,1.07505E-5,-1.74846E-7,942.478,0.0,0.0,0.0,0.0,0.0,1
5684.1,8.55639,16.0807,195.357,16.0811,8.55657,1.07505E-5,-1.74846E-7,942.478,0.0,0.0,0.0,0.0,0.0,1
5684.1,8.55639,16.0807,195.357,16.0811,8.55657,1.07505E-5,-1.74846E-7,942.478,0.0,0.0,0.0,0.0,0.0,1
5684.1,8.55639,16.0807,195.357,16.0811,8.55657,1.07505E-5,-1.74846E-7,942.478,0.0,0.0,0.0,0.0,0.0,1
5684.1,8.55639,16.0807,195.357,16.0811,8.55657,1.07505E-5,-1.74846E-7,942.478,0.0,0.0,0.0,0.0,0.0,1
5684.1,8.55639,16.0807,195.357,16.0811,8.55657,1.07505E-5,-1.74846E-7,942.478,0.0,0.0,0.0,0.0,0.0,1
5684.1,8.55639,16.0807,195.357,16.0811,8.55657,1.07505E-5,-1.74846E-7,942.478,0.0,0.0,0.6000000238418579,0.0,0.0,1
5684.11,8.55665,16.0788,194.958,16.083,8.55631,-1.35942E-4,-9.74496E-5,942.478,1.37716,3.98403E-5,1.0,0.0,0.0,1
5684.18,8.55646,16.0777,194.779,16.0841,8.55651,-1.48773E-4,-1.27014E-4,942.478,3.16778,0.00110541,1.0,0.0,0.0,1
5684.32,8.55535,16.075,194.537,16.0868,8.55762,-4.57764E-5,-1.49902E-4,942.478,5.22607,7.80502E-4,1.0,0.0,0.0,1
5684.53,8.5569,16.0778,194.322,16.0841,8.55607,-2.36511E-4,-1.58008E-4,942.478,7.28651,4.08885E-4,1.0,0.0,0.0,1
5684.75,8.55478,16.0733,193.984,16.0885,8.55818,-1.16175E-5,-1.76605E-4,1151.46,9.00713,5.76539E-5,1.0,0.0,0.0,1
5685.03,8.55683,16.0776,193.818,16.0842,8.55613,-2.29575E-4,-1.58485E-4,1369.62,10.8425,-3.51776E-4,1.0,0.0,0.0,1
5685.44,8.55479,16.0737,193.376,16.0881,8.55818,6.58902E-6,-1.60869E-4,1634.92,13.2366,5.19811E-4,1.0,0.0,0.0,1
5685.92,8.55688,16.0775,192.893,16.0844,8.55608,-2.47609E-4,-1.68498E-4,1912.43,15.6427,-3.25257E-4,1.0,0.0,0.0,1
5686.39,8.5548,16.0738,192.429,16.0881,8.55816,4.42158E-6,-1.60869E-4,2147.03,17.793,9.3965E-5,1.0,0.0,0.0,1
5687.03,8.55626,16.0765,191.822,16.0853,8.55671,-1.62645E-4,-1.58485E-4,2482.95,20.6134,2.83234E-5,1.0,0.0,0.0,1
5687.63,8.55466,16.0733,191.166,16.0885,8.5583,1.49987E-5,-1.66114E-4,2828.2,23.2008,4.23217E-6,1.0,0.0,0.0,1
5688.47,8.55443,16.0728,190.319,16.089,8.55853,3.71066E-5,-1.69452E-4,3203.54,26.7604,-1.53245E-6,2.9802322387695312E-8,0.0,0.0,1
5689.38,8.55501,16.0749,189.559,16.087,8.55796,1.62125E-5,-1.30828E-4,3094.16,27.3291,3.83147E-4,0.0,0.0,0.0,1
5690.13,8.55625,16.0805,189.317,16.0813,8.55671,2.71364E-5,3.01992E-7,3109.84,27.0172,5.03436E-4,0.0,0.0,0.0,1
5691.03,8.55702,16.0859,189.032,16.0759,8.55594,1.26925E-4,1.59566E-4,3051.76,26.7957,4.29046E-4,0.0,0.0,0.0,1
5691.83,8.5571,16.0895,188.74,16.0724,8.55586,2.79166E-4,2.94987E-4,3039.07,26.4764,3.26674E-4,0.0,0.0,0.0,1
5692.64,8.55657,16.0919,188.441,16.07,8.55639,5.02066E-4,4.29932E-4,3009.9,26.2719,3.49256E-4,0.0,0.0,0.0,1
5693.43,8.55543,16.093,188.121,16.0688,8.55753,7.93284E-4,5.62493E-4,2930.76,26.0456,2.85241E-4,0.0,0.0,0.0,1
5694.23,8.55368,16.0929,187.789,16.069,8.55929,0.00114952,6.89332E-4,2969.45,25.7294,2.43146E-4,0.0,0.0,0.0,1
5695.01,8.55145,16.0919,187.429,16.0701,8.56151,0.00155796,8.13786E-4,2919.73,25.5611,2.46006E-4,0.0,0.0,0.0,1
5695.79,8.55328,16.0983,187.129,16.0636,8.55968,0.00148739,9.34903E-4,2844.9,25.3315,1.94739E-4,0.0,0.0,0.0,1
5696.56,8.56026,16.1144,186.879,16.0476,8.55272,8.12964E-4,0.0010522,2901.46,25.0321,1.80517E-4,0.0,0.0,0.0,1
5697.32,8.5667,16.1295,186.63,16.0327,8.5463,1.98191E-4,0.00116665,2840.03,24.8868,1.71194E-4,0.0,0.0,0.0,1
5698.07,8.57258,16.1433,186.354,16.019,8.54044,-3.552E-4,0.00127823,2761.13,24.6691,1.30094E-4,0.0,0.0,0.0,1
5698.82,8.57789,16.1561,186.08,16.0064,8.53516,-8.44435E-4,0.00138694,2833.04,24.3784,1.28557E-4,0.0,0.0,0.0,1
5699.57,8.58275,16.1679,185.788,15.9947,8.53032,-0.00128451,0.0014928,2775.98,24.2435,1.17951E-4,0.0,0.0,0.0,1
5700.01,8.58544,16.1746,185.607,15.9881,8.52765,-0.00152293,0.00155527,2765.46,24.1177,1.08106E-4,0.0,0.0,0.0,1
5701.03,8.59101,16.1887,185.165,15.9742,8.52211,-0.00200393,0.00169737,2758.73,23.7663,8.59253E-5,0.0,0.0,0.0,1
5701.9,8.59476,16.198,184.66,15.9651,8.51839,-0.00233295,0.00178701,2725.14,23.5334,3.63628E-5,0.0,0.0,0.0,1
5702.62,8.59753,16.2055,184.299,15.9577,8.51564,-0.00254995,0.0018757,2718.22,23.3817,1.25256E-5,0.0,0.0,0.0,1
5703.33,8.59964,16.2113,183.859,15.952,8.51356,-0.00270922,0.0019477,2578.68,23.2619,5.09707E-5,0.0,0.0,0.0,1
5704.04,8.60128,16.216,183.397,15.9474,8.51192,-0.00282357,0.00201208,2625.58,22.9882,5.33695E-5,0.0,0.0,0.0,1
5704.74,8.60266,16.2206,182.968,15.943,8.51057,-0.00289163,0.00208885,2686.35,22.7976,2.87573E-5,0.0,0.0,0.0,1
5705.44,8.60346,16.2236,182.492,15.94,8.50979,-0.00291087,0.00215036,2542.69,22.7173,1.6271E-5,0.0,0.0,0.0,1
5706.13,8.60384,16.2259,182.008,15.9378,8.50941,-0.00288218,0.0022114,2507.44,22.5038,-1.52597E-6,0.800000011920929,0.0,0.0,1
5706.82,8.60433,16.2272,181.343,15.9365,8.50893,-0.00292058,0.00222713,2814.14,23.5139,-4.17297E-5,1.0,0.0,0.0,1
5707.59,8.60793,16.2341,180.607,15.9302,8.50535,-0.00333222,0.00223333,3311.75,26.8883,5.08875E-5,2.9802322387695312E-8,0.0,0.0,1
5708.44,8.60956,16.2361,179.791,15.9269,8.50373,-0.00350545,0.00224764,3197.54,28.1701,1.15153E-4,0.0,0.0,0.0,1
5709.13,8.60999,16.2334,178.659,15.9298,8.50329,-0.00368942,0.00213606,3166.72,27.9896,-7.51745E-4,0.0,0.0,0.0,1
5710.15,8.60959,16.2249,176.885,15.9373,8.50365,-0.00387174,0.00194532,3125.33,27.6385,-5.49615E-4,0.0,0.0,0.0,1
5710.99,8.60853,16.2167,175.437,15.9458,8.50469,-0.00393183,0.00179226,3139.17,27.2996,-4.93305E-4,0.0,0.0,0.0,1
5711.82,8.60696,16.2068,174.021,15.9553,8.50622,-0.00392706,0.00164444,3081.45,27.098,-4.43039E-4,0.0,0.0,0.0,1
5712.15,8.60617,16.2029,173.46,15.9594,8.507,-0.00390486,0.00158674,3054.01,26.9662,-4.28322E-4,0.0,0.0,0.0,1
5713.62,8.60152,16.18,170.979,15.9812,8.51159,-0.00366558,0.00133402,3006.04,26.4854,-3.63759E-4,0.0,0.0,0.0,1
5714.42,8.59828,16.1658,169.64,15.9959,8.51482,-0.0034484,0.00119859,3027.54,26.2098,-3.15403E-4,0.0,0.0,0.0,1
5715.38,8.59355,16.146,168.053,16.0142,8.51951,-0.00308462,0.00104171,2996.09,25.9183,-2.73892E-4,0.0,0.0,0.0,1
5716.17,8.58904,16.1288,166.763,16.0327,8.52419,-0.00271008,9.15829E-4,2900.42,25.7507,-2.42902E-4,0.0,0.0,0.0,1
5716.95,8.5838,16.1097,165.483,16.0513,8.52939,-0.00227053,7.92329E-4,2902.84,25.4439,-2.34517E-4,0.0,0.0,0.0,1
5717.73,8.5818,16.0991,164.274,16.0638,8.53122,-0.00227911,6.72166E-4,2921.0,25.2191,-1.91029E-4,0.0,0.0,0.0,1
5718.49,8.58509,16.0972,163.171,16.0666,8.52732,-0.00292691,5.55817E-4,2812.08,25.0647,-1.70468E-4,0.0,0.0,0.0,1
5719.25,8.58766,16.0945,162.088,16.0698,8.52515,-0.00352339,4.4233E-4,2828.78,24.7654,-1.67268E-4,0.0,0.0,0.0,1
5720.01,8.59025,16.0893,161.006,16.0749,8.52291,-0.00406231,3.31227E-4,2854.55,24.5555,-1.31202E-4,0.0,0.0,0.0,1
5720.76,8.59132,16.0826,159.964,16.0805,8.52148,-0.0045427,2.23939E-4,2733.54,24.4208,-1.1095E-4,0.0,0.0,0.0,1
5721.5,8.59238,16.0748,158.917,16.0887,8.52072,-0.00496821,1.18558E-4,2747.56,24.1383,-1.2367E-4,0.0,0.0,0.0,1
5722.23,8.5923,16.0664,157.875,16.0969,8.52095,-0.0053267,-1.12852E-6,2797.33,23.9227,-9.17513E-5,0.0,0.0,0.0,1
5723.11,8.59243,16.0567,156.76,16.106,8.52061,-0.00568182,-3.38252E-4,2775.36,23.6778,-7.37541E-5,0.0,0.0,0.0,1
5723.83,8.59071,16.0476,155.837,16.1168,8.5217,-0.00590376,-6.12434E-4,2650.85,23.5777,-5.03894E-6,0.0,0.0,0.0,1
5724.69,8.58797,16.0315,154.663,16.1326,8.52485,-0.00599254,-9.61002E-4,2636.25,23.346,-3.28557E-5,0.0,0.0,0.0,1
5725.54,8.58453,16.0155,153.556,16.1481,8.52808,-0.00603693,-0.00129717,2626.71,23.1152,-5.27264E-5,0.0,0.0,0.0,1
5726.1,8.58311,16.0067,152.864,16.159,8.53002,-0.00603693,-0.00150793,2682.08,22.8724,-3.63479E-5,0.0,0.0,0.0,1
5726.94,8.57793,15.9877,151.753,16.178,8.53485,-0.00590376,-0.00184601,2645.89,22.6598,-2.2491E-5,0.0,0.0,0.0,1
5727.63,8.57348,15.972,150.876,16.1958,8.53992,-0.00568182,-0.00211352,2622.11,22.5351,-1.75206E-5,0.0,0.0,0.0,1
5728.59,8.56573,15.9471,149.657,16.2219,8.5478,-0.00528232,-0.00249022,2553.56,22.2624,1.55725E-5,0.0,0.0,0.0,1
5729.27,8.55949,15.9292,148.768,16.2406,8.55303,-0.0049272,-0.0027644,2615.28,22.0894,-4.62454E-6,0.0,0.0,0.0,1
5729.94,8.55348,15.9096,147.924,16.2623,8.55958,-0.00448331,-0.00302618,2462.0,22.0253,1.94058E-6,0.0,0.0,0.0,1
5730.74,8.54395,15.8826,146.882,16.2906,8.56963,-0.00381747,-0.00335329,2472.61,21.8184,-9.25834E-6,0.0,0.0,0.0,1
5731.4,8.53761,15.8651,146.318,16.3085,8.57577,-0.0032848,-0.00352782,2371.1,21.6651,-1.22587E-5,0.0,0.0,0.0,1
5732.06,8.53082,15.8472,145.794,16.328,8.58314,-0.00266335,-0.00368422,2495.77,21.4053,-1.60845E-5,0.0,0.0,0.0,1
5732.77,8.52184,15.8238,144.959,16.3546,8.59167,-0.00190874,-0.00394886,2533.15,21.2411,9.54991E-6,0.0,0.0,0.0,1
5733.36,8.51319,15.8019,144.386,16.3773,8.60072,-0.00115412,-0.00412911,2349.17,21.2211,-1.86913E-5,0.0,0.0,0.0,1
5734.07,8.50307,15.7772,143.663,16.4051,8.61114,-2.21946E-4,-0.00435799,2296.33,21.0423,1.03628E-5,0.0,0.0,0.0,1
5734.76,8.49203,15.7485,142.925,16.4341,8.62263,7.99006E-4,-0.00458544,2391.71,20.798,2.49498E-5,0.0,0.0,0.0,1
5735.34,8.48304,15.7271,142.307,16.4591,8.63167,0.00159801,-0.00478476,2459.07,20.6748,-7.39139E-6,0.0,0.0,0.0,1
5735.91,8.47239,15.7022,141.692,16.4864,8.64235,0.00257457,-0.00498169,2258.71,20.6502,-2.59905E-5,0.0,0.0,0.0,1
5736.6,8.45997,15.672,140.962,16.5188,8.65555,0.00377308,-0.00521534,2242.32,20.4632,-2.23443E-5,0.0,0.0,0.0,1
5737.16,8.44932,15.6464,140.336,16.547,8.66638,0.00474965,-0.00541848,2417.77,20.2392,1.46802E-5,0.0,0.0,0.0,1
5737.84,8.43597,15.6144,139.603,16.5817,8.68024,0.00608132,-0.00565356,2391.85,20.1337,9.14116E-6,0.0,0.0,0.0,1
5738.4,8.42894,15.5966,139.048,16.6016,8.68768,0.00661399,-0.00586003,2188.75,20.1136,-1.28058E-5,0.0,0.0,0.0,1
5738.95,8.42597,15.5848,138.517,16.6148,8.69044,0.00665838,-0.00607937,2278.18,19.8911,3.19919E-5,0.0,0.0,0.0,1
5739.61,8.42171,15.5698,137.922,16.6331,8.6944,0.00683594,-0.0063197,2359.88,19.7165,1.36843E-5,0.0,0.0,0.0,1
5740.16,8.41834,15.558,137.477,16.6452,8.69866,0.00701349,-0.0065028,2256.36,19.7001,3.54996E-6,0.0,0.0,0.0,1
5740.71,8.4146,15.5464,137.019,16.6608,8.70239,0.00723544,-0.00670117,2111.59,19.6195,-2.06426E-5,0.0,0.0,0.0,1
5741.36,8.40933,15.5289,136.39,16.6812,8.70824,0.00754616,-0.00696724,2187.92,19.4184,-1.65608E-7,0.0,0.0,0.0,1
5741.89,8.40434,15.5137,135.947,16.6986,8.71329,0.00790128,-0.00715512,2331.99,19.2492,-1.96571E-5,0.0,0.0,0.0,1
5742.43,8.3989,15.4976,135.433,16.7169,8.71902,0.00825639,-0.00736874,2140.51,19.2743,1.82225E-5,0.0,0.0,0.0,1
5742.96,8.39396,15.4811,134.938,16.7352,8.72449,0.00861151,-0.00758189,2084.88,19.1378,3.36046E-5,0.0,0.0,0.0,1
5743.49,8.38806,15.4641,134.467,16.7551,8.73032,0.0090554,-0.00779074,2271.86,18.929,-4.11699E-6,0.0,0.0,0.0,1
5744.12,8.38009,15.4442,133.88,16.7804,8.73885,0.00963246,-0.00804823,2280.81,18.8209,1.89385E-5,0.0,0.0,0.0,1
5744.64,8.37346,15.4251,133.431,16.8017,8.74586,0.0102095,-0.00824898,2073.97,18.8423,-1.08292E-5,0.0,0.0,0.0,1
5745.27,8.36432,15.4011,132.82,16.8303,8.75485,0.0109197,-0.00850838,2002.03,18.7304,-4.88773E-6,0.0,0.0,0.0,1
5745.89,8.35565,15.377,132.221,16.8575,8.76437,0.01163,-0.00877875,2018.97,18.5688,4.01777E-5,0.0,0.0,0.0,1
5746.4,8.34743,15.3558,131.745,16.8833,8.77314,0.0123402,-0.0089938,2208.67,18.3658,-9.6434E-6,0.0,0.0,0.0,1
5747.01,8.33754,15.3288,131.113,16.9146,8.78325,0.0131836,-0.00927704,2226.66,18.2595,2.16017E-5,0.0,0.0,0.0,1
5747.62,8.32668,15.3011,130.558,16.9469,8.79446,0.0141158,-0.009525,2134.94,18.2029,-3.94052E-5,0.0,0.0,0.0,1
5748.13,8.31709,15.2773,130.019,16.9763,8.80485,0.0150036,-0.00976437,1940.09,18.1925,1.35185E-5,0.0,0.0,0.0,1
5748.73,8.30576,15.2481,129.461,17.0101,8.81705,0.0160245,-0.0100281,1945.25,18.0429,-4.027E-5,0.0,0.0,0.0,1
5749.33,8.2936,15.2175,128.848,17.0472,8.82963,0.0171342,-0.0103146,2049.36,17.8616,-2.99726E-5,0.0,0.0,0.0,1
5749.82,8.28333,15.1918,128.345,17.0778,8.84069,0.0180664,-0.0105478,2174.86,17.7354,2.14659E-5,0.0,0.0,0.0,1
5750.41,8.26979,15.1585,127.741,17.1182,8.85499,0.0193093,-0.0108225,2087.76,17.6865,4.1446E-5,0.0,0.0,0.0,1
5751.39,8.24747,15.1037,126.764,17.1846,8.8786,0.0213734,-0.0112984,2000.24,17.4939,-2.84411E-5,0.0,0.0,0.0,1
5751.88,8.2355,15.0752,126.269,17.2198,8.89102,0.0224831,-0.0115387,2137.57,17.3636,-7.29255E-6,0.0,0.0,0.0,1
5752.46,8.22114,15.0402,125.672,17.2631,8.90688,0.0238592,-0.0118276,2055.67,17.3192,-3.01072E-5,0.0,0.0,0.0,1
5752.94,8.2084,15.0095,125.172,17.3002,8.92018,0.0250577,-0.0120675,1843.77,17.3285,6.97263E-6,0.0,0.0,0.0,1
5753.51,8.19262,14.9729,124.57,17.3458,8.93673,0.0265447,-0.0123684,1825.24,17.2036,2.82224E-5,0.0,0.0,0.0,1
5753.99,8.17923,14.9414,124.079,17.385,8.95114,0.0278098,-0.0126187,2024.21,16.9987,1.26914E-5,0.0,0.0,0.0,1
5754.55,8.16278,14.9023,123.47,17.4339,8.96861,0.0294078,-0.0129268,2071.57,16.8918,3.81338E-5,0.0,0.0,0.0,1
5755.21,8.1434,14.8566,122.769,17.4919,8.98966,0.0312944,-0.013281,2051.29,16.7817,2.82723E-5,0.0,0.0,0.0,1
5755.77,8.12598,14.8155,122.178,17.5438,9.00831,0.0329812,-0.0135805,2065.81,16.6912,4.25128E-6,1.0,0.0,0.0,1
5756.25,8.11129,14.7801,121.562,17.5896,9.02408,0.0343572,-0.0139038,2143.72,18.0141,-1.38187E-4,1.0,0.0,0.0,1
5756.67,8.10115,14.7554,121.15,17.6233,9.03499,0.0352228,-0.0141522,2393.43,19.771,-1.90484E-4,1.0,0.0,0.0,1
5757.38,8.08017,14.7044,120.429,17.6891,9.05785,0.0372425,-0.014559,2783.71,22.9117,-2.15701E-5,1.0,0.0,0.0,1
5758.2,8.05665,14.6472,119.61,17.7654,9.08354,0.039462,-0.0150325,3273.4,26.486,4.95789E-7,1.0,0.0,0.0,1
5758.98,8.03432,14.5926,118.84,17.8397,9.108,0.0415483,-0.0155179,3777.48,29.8591,1.84695E-5,1.0,0.0,0.0,1
5759.87,8.00797,14.5278,117.965,17.9279,9.13677,0.0440119,-0.016072,4533.43,33.6092,5.9771E-6,1.0,0.0,0.0,1
5760.86,7.97657,14.4522,116.971,18.034,9.17134,0.046986,-0.0166947,6173.14,37.7497,-3.40457E-6,1.0,0.0,0.0,2
5761.96,7.93931,14.3614,115.738,18.1638,9.21276,0.0505149,-0.017502,4508.77,40.2732,-3.95147E-4,1.0,0.0,0.0,2
5763.3,7.89359,14.2497,114.396,18.3296,9.26365,0.0548873,-0.0184275,3051.22,40.587,-3.01964E-6,1.0,0.0,-0.6000000238418579,2
5764.45,7.91257,14.3692,128.304,18.1389,9.23408,0.0576838,-0.0135943,3195.46,42.4518,-0.878509,1.0,0.0,0.0,2
5765.89,8.85273,18.0737,158.22,14.5287,8.32328,0.0405051,0.0626949,3378.8,44.1284,-2.43046,1.0,0.0,0.0,2
5766.89,9.26183,19.5415,97.6658,13.6447,8.01318,0.0223278,0.0823038,3446.07,45.8843,-0.231965,1.0,0.0,0.20000000298023224,2
5769.82,8.88733,16.977,200.0,15.1968,8.24417,-0.00896662,0.0275911,3862.77,49.9805,2.15566,1.0,0.0,1.0,2
5771.23,7.78185,13.002,56.8171,21.6968,9.57316,0.00783469,-0.0757124,4101.0,51.4025,2.21188,1.0,0.0,0.0,2
5772.96,6.68179,10.0569,25.8702,40.1476,12.0477,0.0589267,-0.185325,4111.16,54.1274,-0.504876,1.0,0.0,0.0,2
5774.78,6.21491,9.3093,23.6993,43.7178,12.9204,0.120905,-0.190502,4323.7,57.0704,-0.0527104,1.0,0.0,0.0,2
5776.7,5.72387,8.54852,21.7491,46.6517,13.7875,0.188477,-0.193152,4563.75,60.1086,-0.00392748,1.0,0.0,0.0,2
5778.71,5.19869,7.74053,19.6933,49.7441,14.7014,0.260831,-0.196439,4811.37,63.2498,-3.48738E-4,1.0,0.0,-0.800000011920929,2
5780.83,4.76736,7.24135,20.0881,44.625,14.8895,0.333457,-0.175115,5125.84,66.1549,-1.18705,1.0,0.0,0.0,2
5783.05,4.52506,7.19367,24.8362,36.0593,14.3373,0.391285,-0.132126,5303.04,69.3965,0.432018,1.0,0.0,0.0,2
1.43762,4.14109,6.59025,22.8864,37.2298,14.8504,0.443204,-0.134211,5569.89,72.8257,0.0787614,1.0,0.0,0.0,2
3.48297,3.76618,5.99384,20.8195,38.5239,15.3684,0.49363,-0.134173,5800.81,75.741,0.0162226,1.0,0.0,0.0,2
6.04467,3.29838,5.24938,18.2344,40.1449,16.0154,0.55653,-0.134165,6085.08,79.3099,0.00260452,1.0,0.0,0.0,3
8.72076,3.06547,5.18002,27.3223,33.1436,15.246,0.609264,-0.0787368,4631.04,81.3601,-0.372002,1.0,0.0,0.0,3
11.4234,2.86498,4.97447,34.7664,31.3333,15.0997,0.643177,-0.0564789,4339.09,81.2376,0.38423,1.0,0.0,0.0,3
14.1616,2.63053,4.56976,32.1391,31.8498,15.361,0.672519,-0.0560717,4580.96,83.3705,0.0556596,1.0,0.0,0.0,3
16.9738,2.39506,4.16039,29.234,32.4138,15.6312,0.701816,-0.056129,4709.07,85.6012,0.00579636,1.0,0.0,0.0,3
19.8609,2.15972,3.75156,26.3585,32.9726,15.9005,0.731112,-0.0561359,4835.86,87.8699,5.28203E-4,1.0,0.0,0.0,3
22.325,1.95579,3.39731,23.8698,33.4561,16.1337,0.756503,-0.0561352,4942.97,89.7878,3.46778E-5,1.0,0.0,0.0,3
25.3525,1.70924,2.96905,20.8608,34.0408,16.4156,0.787198,-0.0561352,5073.65,92.1221,-6.16627E-5,1.0,0.0,0.0,3
27.5183,1.52954,2.6569,18.6673,34.467,16.6211,0.80957,-0.0561364,5165.94,93.7779,-1.34293E-4,1.0,0.0,0.0,3
31.0003,1.24503,2.16269,15.1953,35.1416,16.9464,0.844993,-0.056135,5312.86,96.4139,-9.38488E-5,1.0,0.0,0.0,3
33.3755,1.04893,1.82206,12.802,35.6066,17.1707,0.869407,-0.0561349,5411.53,98.188,-9.45921E-5,1.0,0.0,0.0,3
37.0199,0.750332,1.30337,9.15749,36.3148,17.5122,0.906583,-0.0561359,5560.52,100.872,-1.53406E-4,1.0,0.0,0.0,3
40.1322,0.495409,0.860554,6.0463,36.9193,17.8037,0.938321,-0.0561354,5685.73,103.13,-7.28076E-5,1.0,0.0,0.0,3
43.3138,0.233354,0.40535,2.84806,37.5406,18.1033,0.970947,-0.0561344,5812.16,105.407,-1.05472E-4,1.0,0.0,0.0,3
46.5651,-1.0,-1.0,-1.0,-1.0,-1.0,1.00393,-0.0561346,5939.62,107.703,-1.93216E-4,1.0,0.0,0.0,3
49.8867,-1.0,-1.0,-1.0,-1.0,-1.0,1.03811,-0.0561352,6068.03,110.018,-1.56417E-4,1.0,0.0,0.0,4
53.2743,-1.0,-1.0,-1.0,-1.0,-1.0,1.07229,-0.0561443,4792.13,111.473,-8.60058E-4,1.0,0.0,0.0,4
56.6721,-1.0,-1.0,-1.0,-1.0,-1.0,1.10647,-0.0561476,4669.4,111.276,-4.00173E-4,1.0,0.0,-0.4000000059604645,4
60.0886,-1.0,-1.0,-1.0,-1.0,-1.0,1.14125,-0.0541411,4830.88,112.725,-0.377689,1.0,0.0,0.0,4
63.5445,-1.0,-1.0,-1.0,-1.0,-1.0,1.15794,0.0155729,4914.96,113.357,1.33582,1.0,0.0,0.0,4
67.0234,-1.0,-1.0,-1.0,-1.0,-1.0,1.14111,0.0834824,4945.54,114.52,4.08932,1.0,0.0,0.0,4
70.5401,-1.0,-1.0,-1.0,-1.0,-1.0,1.09908,0.0898124,4978.59,116.084,1.31647,1.0,0.0,0.0,4
74.8163,-1.0,-1.0,-1.0,-1.0,-1.0,1.03331,0.0886161,5057.9,117.972,0.165603,1.0,0.0,0.0,4
78.4317,0.236388,0.525183,123.128,25.6481,15.3482,0.975386,0.0883534,5126.11,119.553,0.0244353,1.0,0.0,0.0,4
82.0951,0.801194,1.77982,119.524,24.8869,14.8919,0.91657,0.0883074,5194.71,121.145,0.00323224,1.0,0.0,0.0,4
85.8072,1.37559,3.05577,115.804,24.1106,14.4273,0.856756,0.0882998,5263.58,122.746,3.32255E-4,1.0,0.0,1.0,4
89.5676,1.79015,3.67966,192.225,25.4358,14.5592,0.803933,0.0516376,5345.48,123.905,-0.366575,1.0,0.0,0.0,4
93.3591,1.75144,3.09674,27.8295,32.5314,16.104,0.785134,-0.0424771,5422.62,124.516,-5.6205,1.0,0.0,0.0,4
97.1887,1.59122,2.7166,15.7807,35.9351,16.8404,0.798961,-0.0701248,5423.63,126.027,-3.66936,1.0,0.0,0.0,4
101.06,1.28889,2.20115,12.8269,36.6654,17.1922,0.837203,-0.0698624,5475.19,127.653,-0.914288,1.0,0.0,0.0,4
105.766,0.84045,1.43739,8.49936,37.6409,17.6942,0.893976,-0.0686626,5557.7,129.596,-0.108141,1.0,0.0,0.0,4
109.742,0.449262,0.76855,4.55593,38.5945,18.1503,0.943337,-0.0684579,5627.32,131.218,-0.0146162,1.0,0.0,0.0,4
113.767,0.0524421,0.0897159,0.532044,39.584,18.6169,0.993386,-0.0684255,5696.51,132.844,-0.00139627,1.0,0.0,0.0,4
117.842,-1.0,-1.0,-1.0,-1.0,-1.0,1.04426,-0.0684215,5765.09,134.474,2.98959E-4,1.0,0.0,0.0,4
121.967,-1.0,-1.0,-1.0,-1.0,-1.0,1.09553,-0.0684209,5834.71,136.107,4.84402E-4,1.0,0.0,0.0,4
126.141,-1.0,-1.0,-1.0,-1.0,-1.0,1.14766,-0.068422,5904.81,137.742,4.8147E-4,1.0,0.0,0.0,4
130.365,-1.0,-1.0,-1.0,-1.0,-1.0,1.20015,-0.0684237,5975.3,139.38,6.08945E-4,1.0,0.0,-0.30000001192092896,4
134.638,-1.0,-1.0,-1.0,-1.0,-1.0,1.24516,-0.0300228,6062.17,140.548,0.95538,1.0,0.0,0.0,4
138.947,-1.0,-1.0,-1.0,-1.0,-1.0,1.25735,0.0419616,6122.02,141.623,5.37745,1.0,0.0,0.0,4
143.3,-1.0,-1.0,-1.0,-1.0,-1.0,1.2403,0.0509795,6147.57,143.255,2.23931,1.0,0.0,0.0,4
147.7,-1.0,-1.0,-1.0,-1.0,-1.0,1.20665,0.049183,6213.68,144.907,0.470612,1.0,0.0,0.0,4
152.148,-1.0,-1.0,-1.0,-1.0,-1.0,1.16835,0.0483768,6284.43,146.555,0.0691835,1.0,0.0,0.0,4
156.647,-1.0,-1.0,-1.0,-1.0,-1.0,1.12928,0.0482103,6354.91,148.204,0.00659359,1.0,0.0,0.0,4
161.195,-1.0,-1.0,-1.0,-1.0,-1.0,1.08907,0.0481885,6423.01,149.852,-4.52714E-4,1.0,0.0,0.0,4
165.794,-1.0,-1.0,-1.0,-1.0,-1.0,1.04878,0.0481872,6493.45,151.495,-0.00103031,1.0,0.0,0.0,4
170.444,-1.0,-1.0,-1.0,-1.0,-1.0,1.00823,0.048188,6563.85,153.136,-0.00100399,1.0,0.0,0.0,5
175.125,0.302388,0.617475,200.0,27.9579,15.9319,0.96673,0.0482062,5306.34,153.263,2.75673E-4,1.0,0.0,0.0,5
180.737,0.755067,1.54185,200.0,27.2496,15.5283,0.916926,0.0482103,5357.63,153.619,-6.59961E-4,1.0,0.0,0.0,5
185.442,1.1323,2.31218,200.0,26.6595,15.1921,0.875422,0.0482119,5395.45,154.734,-9.64236E-4,1.0,0.0,0.0,5
190.182,1.50954,3.08251,200.0,26.0694,14.8559,0.833918,0.048214,5435.25,155.846,-0.00102643,1.0,0.0,0.0,5
194.956,1.88678,3.85286,200.0,25.4793,14.5196,0.792414,0.0482166,5474.1,156.957,-0.00113071,1.0,0.0,0.0,5
199.764,2.27229,4.6401,200.0,24.8762,14.176,0.75,0.0482185,5512.88,158.067,-0.00126661,1.0,0.0,0.0,5
200.729,2.34995,4.7987,200.0,24.7548,14.1068,0.741455,0.0482185,5519.84,158.289,-0.00121405,1.0,0.0,0.0,5
209.48,3.04897,6.22617,200.0,23.6613,13.4838,0.664551,0.048223,5589.53,160.283,-0.00119118,1.0,0.0,0.0,5
214.389,3.43731,7.01923,200.0,23.0538,13.1376,0.621826,0.048226,5628.25,161.389,-0.00126599,1.0,0.0,0.0,5
220.325,3.91281,7.99026,198.038,22.3101,12.7138,0.569513,0.0482283,5673.97,162.715,-0.00134136,1.0,0.0,0.0,5
225.308,4.31225,8.80601,192.946,21.6853,12.3578,0.525568,0.0482312,5712.61,163.818,-0.00128106,1.0,0.0,0.0,5
230.325,4.7117,9.62179,187.91,21.0605,12.0018,0.481623,0.0482344,5751.13,164.92,-0.00134953,1.0,0.0,0.0,5
235.375,5.11116,10.4376,182.94,20.4357,11.6458,0.437678,0.0482369,5789.59,166.02,-0.00146456,1.0,0.0,0.0,5
239.439,5.43697,11.103,178.78,19.9261,11.3554,0.401833,0.0482392,5820.19,166.9,-0.00147749,1.0,0.0,0.0,5
244.55,5.84752,11.9414,173.547,19.2839,10.9895,0.356667,0.0482415,5858.08,167.999,-0.00145397,1.0,0.0,0.0,5
248.663,6.17597,12.6122,169.407,18.7702,10.6968,0.320534,0.0482439,5888.67,168.877,-0.00146691,1.0,0.0,0.0,5
254.873,6.66865,13.6184,163.252,17.9997,10.2577,0.266335,0.0482482,5934.67,170.193,-0.00143269,1.0,0.0,0.0,5
262.178,7.25292,14.8117,155.858,17.0859,9.73703,0.20206,0.0482519,5987.94,171.726,-0.00140878,1.0,0.0,0.0,5
267.436,7.67459,15.6729,150.501,16.4264,9.36125,0.155673,0.0482555,6025.87,172.821,-0.00144626,1.0,0.0,0.0,5
271.666,8.01192,16.3619,146.263,15.8989,9.06063,0.118564,0.048258,6056.31,173.695,-0.0014498,1.0,0.0,0.0,5
278.052,8.51792,17.3954,139.97,15.1076,8.60971,0.0628995,0.048261,6101.95,175.006,-0.00151856,1.0,0.0,0.5,5
284.475,7.94898,14.1574,125.662,18.4652,9.23242,0.0306286,-0.0370474,6166.23,175.013,-6.07288,1.0,0.0,0.0,5
289.825,7.08595,11.3895,41.8662,26.0615,10.6983,0.0558416,-0.124355,6191.31,174.93,-12.8239,1.0,0.0,0.0,5
295.177,6.40927,10.092,33.1107,30.6711,11.8289,0.129772,-0.145061,6163.84,175.833,-8.12935,1.0,0.0,0.0,5
300.534,5.61076,8.89409,30.2314,32.6567,12.87,0.242876,-0.138183,6172.58,176.981,-2.03318,1.0,0.0,0.0,5
305.912,4.67114,7.43007,25.7317,35.4657,14.1254,0.371649,-0.134713,6208.72,178.077,-0.29074,1.0,0.0,-0.4000000059604645,5
311.322,3.70179,5.90778,20.8417,38.2914,15.4027,0.503551,-0.131388,6247.4,179.136,-0.351212,1.0,0.0,0.0,5
316.766,3.13639,5.50029,43.7596,29.9778,14.6667,0.612615,-0.0487049,6304.85,179.12,6.50411,1.0,0.0,0.0,5
321.144,2.82968,5.30846,118.37,26.9226,14.2992,0.668834,-0.00116538,6312.78,179.593,9.30635,1.0,0.0,0.0,5
328.859,2.51193,4.73782,115.131,27.2823,14.5682,0.707231,0.0022902,6316.18,181.112,2.15861,1.0,0.0,0.0,5
334.41,2.45716,4.61039,99.9489,27.618,14.6712,0.712469,-0.00105586,6352.6,182.204,0.338227,1.0,0.0,0.0,5
339.995,2.43382,4.56052,92.1616,27.7538,14.7072,0.71491,-0.00191471,6389.8,183.289,0.0225886,1.0,0.0,-0.800000011920929,5
345.61,2.53251,4.9458,200.0,25.9454,14.2565,0.712402,0.023522,6432.06,184.067,1.11289,1.0,0.0,0.0,5
351.229,3.27073,7.75653,99.2394,20.6252,12.6665,0.672341,0.114587,6481.73,184.017,9.8311,1.0,0.0,0.0,5
356.852,4.26962,10.7783,72.3041,18.7434,11.7712,0.588024,0.138695,6467.81,184.91,6.72325,1.0,0.0,0.0,5
362.479,5.42949,13.3181,71.9521,17.6207,10.9731,0.469127,0.131618,6489.25,186.024,1.60214,1.0,0.0,0.4000000059604645,5
368.129,6.64897,15.8786,70.8606,16.3476,10.094,0.340776,0.122909,6525.58,187.084,0.513301,1.0,0.0,0.5,5
373.815,6.82008,13.509,200.0,18.2905,10.1704,0.236794,0.0365707,6591.21,186.866,-6.98839,1.0,0.0,0.0,5
379.51,6.45149,11.0058,55.1382,23.9431,11.0948,0.186612,-0.0668528,6622.92,186.104,-16.4013,1.0,0.0,0.0,5
385.22,6.15482,10.0368,38.0965,28.1805,11.8135,0.192405,-0.106972,6590.35,186.668,-13.9609,1.0,0.0,0.0,5
390.937,5.72985,9.38564,36.6767,29.1149,12.324,0.250999,-0.103111,6561.86,187.88,-5.12254,1.0,0.0,0.0,5
396.67,5.06631,8.35674,34.2701,30.5029,13.1029,0.341708,-0.097081,6588.61,189.023,-0.756298,1.0,0.0,-0.800000011920929,5
402.43,4.43844,7.53785,37.9636,29.6648,13.5456,0.4377,-0.0719293,6634.24,189.827,1.25525,1.0,0.0,0.0,5
408.213,4.37133,8.41366,200.0,23.3324,12.6019,0.49949,0.0177557,6684.64,189.748,10.5985,1.0,0.0,0.0,5
414.021,4.32523,8.65688,198.125,22.2834,12.4396,0.51871,0.0403906,6671.54,190.634,7.54554,1.0,0.0,0.0,5
419.857,4.40516,8.67397,200.0,22.5811,12.4454,0.504039,0.0312699,6684.88,191.789,1.84576,1.0,0.0,0.0,5
425.724,4.59234,8.94532,200.0,22.5589,12.3241,0.478849,0.0249831,6722.11,192.9,0.235955,1.0,0.0,0.0,5
431.626,4.78625,9.26386,200.0,22.3935,12.1702,0.454346,0.0213173,6759.87,194.003,0.00216792,1.0,0.0,0.0,5
435.184,4.89032,9.43572,197.708,22.2971,12.085,0.441206,0.0194843,6782.5,194.663,-0.00814863,1.0,0.0,0.0,5
444.732,5.1193,9.80064,188.166,22.0905,11.9008,0.411621,0.0147977,6841.53,196.415,-8.88779E-4,0.6000000238418579,0.0,0.0,5
450.744,5.23009,9.96438,182.127,21.9326,11.8149,0.396751,0.011885,6853.47,197.439,1.13901E-4,0.0,0.6000000238418579,0.0,5
456.76,5.31147,10.096,176.244,21.7445,11.748,0.385165,0.00890609,6598.83,195.587,-0.014534,0.0,1.0,0.0,5
462.571,5.37348,10.2382,171.416,21.5638,11.676,0.377175,0.00612669,5602.74,184.357,-0.0985654,0.0,1.0,0.0,5
468.007,5.44886,10.4097,166.69,21.3599,11.5908,0.369629,0.00768748,4636.47,171.46,-0.15395,0.0,1.0,0.0,5
474.018,5.55384,10.6438,161.091,21.0885,11.4759,0.35902,0.00962313,3547.77,156.543,-0.175104,0.0,1.0,0.0,5
478.618,5.64825,10.8523,156.737,20.8569,11.3743,0.349343,0.0111381,2570.13,144.708,-0.183596,0.0,1.0,0.0,4
483.671,5.76469,11.1058,152.102,20.5878,11.2518,0.33718,0.0126932,2772.4,131.072,-0.204561,0.0,1.0,0.0,3
487.508,5.86327,11.3165,148.768,20.3732,11.1502,0.326705,0.0137303,1127.6,120.112,-0.233296,0.0,1.0,0.0,2
490.338,5.941,11.4801,146.464,20.2122,11.0716,0.318359,0.014381,942.478,111.595,-0.261933,0.0,1.0,0.0,2
494.201,6.05297,11.7096,143.617,19.991,10.9608,0.306108,0.0150411,942.478,99.261,-0.311038,0.0,0.699999988079071,0.0,1
497.08,6.14038,11.884,141.838,19.8312,10.8757,0.296298,0.0152728,942.478,89.337,-0.356282,0.0,0.0,0.0,1
499.671,6.21421,12.0118,141.66,19.7315,10.8085,0.287109,0.0144851,5418.4,81.6993,-0.361748,0.0,0.0,0.0,2
502.121,6.24518,11.9808,147.512,19.8503,10.8027,0.279563,0.00991411,8849.62,79.1214,-0.300581,1.0,0.0,0.0,2
504.536,6.28828,12.0645,146.546,19.7744,10.7604,0.274547,0.00988483,5493.16,78.9474,-0.0528893,1.0,0.0,0.0,2
506.965,6.33736,12.1764,144.094,19.6548,10.7085,0.269753,0.0107941,6205.14,80.762,-0.00824651,1.0,0.0,0.0,3
509.479,6.38992,12.2971,141.495,19.5251,10.653,0.26456,0.0117766,4614.06,82.9197,0.00116084,1.0,0.0,0.0,3
512.014,6.45116,12.436,138.903,19.383,10.5891,0.258345,0.0127318,4422.19,82.8076,5.14998E-4,1.0,0.0,0.0,3
514.574,6.51524,12.5809,136.32,19.2363,10.5229,0.251864,0.0136817,4659.54,84.7751,2.17799E-4,1.0,0.0,0.0,3
516.668,6.56744,12.6981,134.233,19.1175,10.4695,0.246626,0.0144572,4753.02,86.4227,9.39658E-5,1.0,0.0,0.0,3
519.885,6.65422,12.8937,131.016,18.9261,10.3814,0.237793,0.015649,4895.25,88.9305,-5.13465E-5,1.0,0.0,0.0,3
522.636,6.73346,13.0688,128.267,18.7542,10.3016,0.229759,0.0166671,5013.58,91.0544,-2.41838E-5,1.0,0.0,0.0,3
525.453,6.81928,13.2607,125.449,18.5714,10.2163,0.220925,0.0177107,5133.96,93.2082,5.69508E-5,1.0,0.0,0.0,3
528.335,6.9125,13.4676,122.561,18.3751,10.1228,0.211293,0.0187792,5256.1,95.3924,2.6517E-5,1.0,0.0,0.0,3
531.285,7.01182,13.6886,119.62,18.1718,10.0251,0.201083,0.0198712,5378.69,97.6002,-5.69412E-5,1.0,0.0,0.0,3
534.302,7.1214,13.9295,116.598,17.9513,9.91841,0.189764,0.0209881,5502.29,99.827,-2.59979E-5,1.0,0.0,0.20000000298023224,3
538.013,7.24142,14.1519,115.376,17.7633,9.80616,0.175515,0.0204325,5653.19,102.499,0.377377,1.0,0.0,0.5,3
541.805,6.4741,11.1273,200.0,23.1573,11.0272,0.185192,-0.0673043,5885.98,104.028,-1.64266,1.0,0.0,0.0,3
545.004,5.70839,9.04972,31.0981,32.0795,12.725,0.228826,-0.140183,5935.3,105.923,-4.5339,1.0,0.0,0.0,3
548.257,5.14233,8.07192,26.1889,35.7005,13.6723,0.298961,-0.150236,5978.72,108.232,-1.76345,1.0,0.0,-0.20000000298023224,3
551.57,4.52182,7.10603,23.1038,37.7166,14.5461,0.384455,-0.14858,6098.49,110.555,-0.378693,1.0,0.0,0.0,4
555.616,4.1662,7.10291,46.0915,29.5225,13.8108,0.473011,-0.0714567,4784.87,110.744,1.56968,1.0,0.0,0.0,4
558.992,3.97775,7.12706,200.0,26.7953,13.5157,0.517275,-0.0326591,4775.76,111.058,2.44145,1.0,0.0,0.0,4
562.407,3.76258,6.75736,200.0,27.0302,13.7263,0.544254,-0.03096,4824.83,112.602,0.597156,1.0,0.0,0.0,4
565.87,3.58417,6.42993,200.0,27.283,13.929,0.565481,-0.0317486,4892.88,114.147,0.0924221,1.0,0.0,0.0,4
569.38,3.41109,6.1181,200.0,27.4025,14.1178,0.586391,-0.0319054,4960.09,115.703,0.0129837,1.0,0.0,0.0,4
573.655,3.2024,5.7436,200.0,27.4356,14.3269,0.611684,-0.031932,5041.1,117.584,0.00113094,1.0,0.0,0.0,4
577.268,3.22152,6.09659,156.795,24.8774,13.7871,0.625241,0.00387333,5120.52,118.776,0.258792,1.0,0.0,0.0,4
580.921,3.42419,6.92301,102.94,22.685,13.1735,0.617615,0.0353623,5163.42,120.319,1.5798,1.0,0.0,0.0,4
583.891,3.59445,7.35963,99.7469,22.172,12.9615,0.601751,0.0401162,5214.49,121.598,0.519388,1.0,0.0,0.20000000298023224,4
591.454,3.83864,7.30779,200.0,23.6785,13.1523,0.552191,-0.00129465,5371.92,124.109,-1.18176,1.0,0.0,0.0,4
595.268,3.33067,5.50269,29.4427,32.4599,15.1443,0.564986,-0.10551,5470.17,123.83,-6.93618,1.0,0.0,0.0,4
599.079,2.70357,4.0826,11.4276,50.5753,17.9974,0.617232,-0.196064,5503.72,124.288,-11.5239,1.0,0.0,0.0,4
602.902,2.00743,2.94634,7.27496,67.9196,20.2175,0.708252,-0.229223,5480.99,125.545,-8.94325,1.0,0.0,0.0,4
606.734,1.13693,1.66956,4.10021,75.1729,21.7732,0.834972,-0.227062,5469.64,127.182,-3.55838,1.0,0.0,-0.800000011920929,4
611.384,-1.0,-1.0,-1.0,-1.0,-1.0,1.0029,-0.174458,5543.85,128.808,0.268716,1.0,0.0,0.0,4
615.314,-1.0,-1.0,-1.0,-1.0,-1.0,1.11552,-0.112403,5735.42,129.992,3.96061,1.0,0.0,0.0,4
619.275,-1.0,-1.0,-1.0,-1.0,-1.0,1.2126,-0.110028,5892.63,131.556,2.29095,1.0,0.0,0.0,4
623.291,-1.0,-1.0,-1.0,-1.0,-1.0,1.30345,-0.121098,5917.42,133.255,0.142359,1.0,0.0,0.0,4
627.358,-1.0,-1.0,-1.0,-1.0,-1.0,1.39464,-0.130671,6151.49,134.787,-0.900635,1.0,0.0,-1.0,4
630.638,-1.0,-1.0,-1.0,-1.0,-1.0,1.46807,-0.12625,6901.69,135.623,-1.00906,1.0,0.0,0.0,5
635.6,-1.0,-1.0,-1.0,-1.0,-1.0,1.56987,-0.0564399,6011.36,136.515,6.23376,1.0,0.0,0.0,5
639.757,-1.0,-1.0,-1.0,-1.0,-1.0,1.6411,0.00971077,4943.83,135.82,12.6518,1.0,0.0,0.0,5
643.919,-1.0,-1.0,-1.0,-1.0,-1.0,1.69768,0.0647241,5568.2,135.689,17.6869,1.0,0.0,0.0,5
648.107,-1.0,-1.0,-1.0,-1.0,-1.0,1.73477,0.127745,5779.15,136.435,18.2058,1.0,0.0,0.0,5
652.021,-1.0,-1.0,-1.0,-1.0,-1.0,1.73206,0.187159,5798.42,136.39,23.8296,1.0,0.0,0.0,5
656.642,-1.0,-1.0,-1.0,-1.0,-1.0,1.71277,0.269293,6319.77,135.147,32.3297,1.0,0.0,0.0,5
661.28,-1.0,-1.0,-1.0,-1.0,-1.0,1.67483,0.37046,6433.39,132.852,42.8102,1.0,0.0,0.0,5
665.928,-1.0,-1.0,-1.0,-1.0,-1.0,1.61688,0.475459,6808.69,129.117,53.7463,1.0,0.0,0.0,5
670.571,-1.0,-1.0,-1.0,-1.0,-1.0,1.53994,0.595811,7209.03,123.325,65.9567,1.0,0.0,1.0,6
673.659,-1.0,-1.0,-1.0,-1.0,-1.0,1.4772,0.683607,6059.08,118.216,74.5809,1.0,0.0,1.0,6
679.03,-1.0,-1.0,-1.0,-1.0,-1.0,1.34636,0.831393,4609.67,107.913,87.2132,1.0,0.0,0.5,6
683.568,-1.0,-1.0,-1.0,-1.0,-1.0,1.20759,0.99404,4703.27,95.1493,98.9442,1.0,0.0,0.0,6
687.273,-1.0,-1.0,-1.0,-1.0,-1.0,1.06849,1.20321,4640.8,75.4019,111.912,1.0,0.0,0.0,6
690.876,14.4296,11.439,10.527,10.9757,13.117,0.910918,1.51407,4333.68,40.882,125.405,0.0,0.20000000298023224,0.0,6
695.042,9.6835,9.34426,10.2188,13.0044,21.4316,0.694336,1.99362,942.478,-13.8628,126.861,0.0,1.0,0.0,5
698.306,8.26699,9.05354,11.5443,19.1047,85.1027,0.498574,2.34646,942.478,-50.9441,108.704,0.0,1.0,0.0,4
701.341,7.66973,9.48465,14.7563,45.6044,20.1786,0.302184,2.63483,942.478,-72.8291,85.0601,0.0,1.0,0.0,3
704.145,7.34716,10.31,21.6539,78.1348,12.1965,0.112913,2.85501,942.478,-82.4629,62.4851,0.0,1.0,0.0,3
706.724,6.90429,10.8671,35.5814,28.8943,11.129,-0.0622181,2.99612,942.478,-83.2513,45.7578,0.0,1.0,0.0,2
709.542,5.8609,9.84039,49.1044,26.2408,11.923,-0.248777,3.05735,942.478,-77.5654,35.2126,0.0,1.0,0.0,1
711.671,4.64155,7.48116,27.956,33.7426,13.9562,-0.383088,3.01992,942.478,-69.69,33.3106,0.0,1.0,0.0,1
713.604,3.43548,5.009,11.8876,71.9072,18.4177,-0.498412,2.90739,942.478,-59.4933,35.6702,0.0,1.0,0.0,1
715.658,2.31731,2.94007,4.8147,19.9143,36.9894,-0.614776,2.68593,942.478,-43.7932,40.775,0.0,1.0,0.0,1
717.405,1.57762,1.75382,2.2845,3.96069,27.1901,-0.715117,2.3858,942.478,-23.9748,44.1954,0.0,1.0,0.0,1
718.841,1.06419,1.0361,1.14388,1.47529,2.50194,-0.812537,2.01871,942.478,-3.39722,42.3746,0.0,1.0,0.0,1
720.051,0.630194,0.556448,0.558455,0.637666,0.864581,-0.90019,1.75554,942.478,5.74944,35.1328,0.0,1.0,0.0,1
720.914,0.376958,0.312402,0.297344,0.320558,0.400039,-0.945971,1.60618,942.478,4.92856,28.7242,0.0,1.0,0.0,1
721.788,0.252581,0.194846,0.175859,0.18003,0.210398,-0.968212,1.46264,942.478,4.46166,23.8015,0.0,1.0,0.0,1
722.5,0.283821,0.193429,0.161478,0.154588,0.167656,-0.97193,1.27326,942.478,4.90413,17.7641,0.0,1.0,0.0,1
722.781,0.365916,0.228751,0.182382,0.168546,0.176443,-0.969387,1.17628,942.478,4.77253,14.689,0.0,1.0,0.0,1
723.318,0.99715,0.44237,0.30811,0.260473,0.25191,-0.954345,0.952693,942.478,2.44279,6.10598,0.0,1.0,0.0,1
723.449,1.51025,0.551415,0.364145,0.298724,0.28207,-0.948719,0.885988,942.478,0.672747,1.429,0.0,0.3999999761581421,0.0,1
723.455,1.54385,0.558349,0.367886,0.301421,0.284346,-0.948304,0.883358,942.478,0.00914988,-0.0190657,0.0,1.0,0.0,1
723.455,1.54099,0.558022,0.367781,0.301384,0.284347,-0.948304,0.883706,942.478,0.014871,0.00989662,0.0,0.09999996423721313,0.0,1
723.455,1.53835,0.557717,0.367683,0.30135,0.284348,-0.948304,0.884029,942.478,-9.12598E-4,0.00918048,0.0,1.0,0.0,1
723.455,1.53687,0.557547,0.367629,0.301331,0.284348,-0.948304,0.88421,942.478,0.0130923,-0.00892195,0.0,1.0,0.0,1
723.455,1.5328,0.557077,0.367478,0.301278,0.28435,-0.948304,0.88471,942.478,-0.00296611,-0.00772769,0.0,1.0,0.0,1
723.455,1.52534,0.556213,0.367201,0.301181,0.284353,-0.948304,0.885632,942.478,-0.00261899,-0.00756256,0.0,0.09999996423721313,0.0,1
723.455,1.51978,0.555565,0.366993,0.301108,0.284356,-0.948304,0.886326,942.478,0.0127192,-0.0227799,0.0,0.0,0.0,1
723.455,1.51725,0.555269,0.366898,0.301075,0.284357,-0.948304,0.886644,942.478,0.0270777,-0.0332921,0.0,0.0,0.0,1
723.455,1.51258,0.554721,0.366722,0.301013,0.28436,-0.948304,0.887233,942.478,0.0345516,-0.0373651,0.0,0.0,0.0,1
723.455,1.50839,0.554228,0.366563,0.300957,0.284362,-0.948304,0.887764,942.478,0.0470885,-0.0399232,0.0,0.0,0.0,1
723.455,1.50439,0.553755,0.366411,0.300904,0.284364,-0.948304,0.888275,942.478,0.0528625,-0.0378782,0.0,0.0,0.0,1
723.455,1.50129,0.553387,0.366293,0.300863,0.284366,-0.948304,0.888672,942.478,0.0502028,-0.023806,0.0,0.0,0.0,1
723.455,1.50119,0.553375,0.366289,0.300861,0.284366,-0.948304,0.888686,942.478,0.0347845,-0.013925,0.0,0.0,0.0,1
723.455,1.49884,0.553096,0.366199,0.30083,0.284367,-0.948304,0.888988,942.478,0.039519,-0.0244471,0.0,0.0,0.0,1
723.455,1.49667,0.552837,0.366116,0.300801,0.284369,-0.948304,0.889268,942.478,0.0420526,-0.0240364,0.0,0.0,0.0,1
723.455,1.4956,0.55271,0.366075,0.300786,0.284369,-0.948304,0.889406,942.478,0.0519396,-0.0114522,0.0,0.0,0.0,1
723.455,1.49464,0.552594,0.366037,0.300773,0.28437,-0.948304,0.889532,942.478,0.117106,-0.00178061,0.0,0.0,0.0,1
723.455,1.49469,0.552601,0.36604,0.300774,0.28437,-0.948304,0.889524,942.478,0.100914,0.00857748,0.0,0.0,0.0,1
723.455,1.4973,0.552912,0.36614,0.300809,0.284368,-0.948304,0.889187,942.478,-0.00750895,0.0269256,0.0,1.0,0.0,1
723.455,1.50146,0.553407,0.366299,0.300865,0.284366,-0.948304,0.888651,942.478,-0.00745477,-0.0108594,0.0,1.0,0.0,1
723.455,1.50426,0.553739,0.366406,0.300902,0.284364,-0.948304,0.888292,942.478,0.0123125,0.00682041,0.0,1.0,0.0,1
723.455,1.50722,0.554089,0.366519,0.300942,0.284362,-0.948304,0.887914,942.478,0.012935,0.00832189,0.0,1.0,0.0,1
723.455,1.50956,0.554365,0.366607,0.300973,0.284361,-0.948304,0.887616,942.478,-0.00540165,-0.00984194,0.0,1.0,0.0,1
723.455,1.50954,0.554364,0.366607,0.300973,0.284361,-0.948304,0.887618,942.478,-0.00483178,-0.00940935,0.0,1.0,0.0,1
723.455,1.50728,0.554097,0.366521,0.300943,0.284362,-0.948304,0.887906,942.478,0.0135999,0.00874978,0.0,1.0,0.0,1
723.455,1.50443,0.553759,0.366413,0.300905,0.284364,-0.948304,0.88827,942.478,0.0143389,0.00927676,0.0,1.0,0.0,1
723.455,1.50189,0.553458,0.366315,0.300871,0.284366,-0.948304,0.888596,942.478,-0.00351332,-0.00833043,0.0,0.0,0.0,1
723.455,1.4993,0.55315,0.366217,0.300836,0.284367,-0.948304,0.888929,942.478,0.0604065,-0.0180316,0.0,0.0,0.0,1
723.455,1.49498,0.552636,0.366051,0.300778,0.28437,-0.948304,0.889487,942.478,-0.00258495,-0.0380474,0.0,0.0,0.0,1
723.455,1.4907,0.552124,0.365886,0.30072,0.284372,-0.948304,0.890043,942.478,0.00570151,-0.0401978,0.0,0.0,0.0,1
723.455,1.48668,0.551641,0.36573,0.300666,0.284375,-0.948304,0.890569,942.478,0.0642587,-0.0373924,0.0,0.0,0.0,1
723.455,1.48623,0.551587,0.365713,0.30066,0.284375,-0.948304,0.890628,942.478,-0.00187424,-0.00258412,0.0,0.0,0.0,1
723.455,1.48671,0.551645,0.365731,0.300666,0.284375,-0.948304,0.890564,942.478,0.11086,0.00429524,0.0,0.0,0.0,1
723.455,1.48699,0.551679,0.365742,0.30067,0.284375,-0.948304,0.890527,942.478,0.03097,0.0146805,0.0,0.0,0.0,1
723.455,1.48739,0.551727,0.365758,0.300676,0.284375,-0.948304,0.890476,942.478,0.020951,0.00163714,0.0,0.0,0.0,1
723.455,1.48746,0.551736,0.365761,0.300677,0.284374,-0.948304,0.890466,942.478,0.0234941,0.003225,0.0,1.0,0.0,1
723.455,1.48626,0.55159,0.365714,0.30066,0.284375,-0.948304,0.890624,942.478,0.0140505,-0.0143118,0.0,1.0,0.0,1
723.455,1.48259,0.551149,0.365571,0.300611,0.284378,-0.948304,0.891106,942.478,0.015432,0.0100489,0.0,1.0,0.0,1
723.455,1.4738,0.550085,0.365228,0.300491,0.284384,-0.948304,0.892271,942.478,0.0151475,0.0106783,0.0,1.0,0.0,1
723.455,1.46667,0.549215,0.364946,0.300392,0.28439,-0.948304,0.893228,942.478,0.0160821,0.0107045,0.0,1.0,-0.4000000059604645,1
723.455,1.46123,0.548548,0.36473,0.300317,0.284394,-0.948304,0.893964,942.478,-0.00121907,-0.00726566,0.0,1.0,-1.0,1
723.455,1.45355,0.547602,0.364424,0.30021,0.2844,-0.948304,0.895012,942.478,0.00977132,0.0107107,0.0,1.0,-1.0,1
723.455,1.44411,0.546429,0.364044,0.300078,0.284409,-0.948304,0.896316,942.478,0.0100892,0.0110859,0.0,1.0,-1.0,1
723.455,1.43347,0.545096,0.36361,0.299927,0.284419,-0.948304,0.897807,942.478,0.0109263,0.0115248,0.0,1.0,-1.0,1
723.455,1.42217,0.543668,0.363146,0.299766,0.284431,-0.948304,0.899414,942.478,0.010973,0.0114074,0.0,0.0,-1.0,1
723.455,1.41767,0.543094,0.362959,0.299701,0.284436,-0.948304,0.900062,942.478,0.00837102,0.00578851,0.4000000059604645,0.0,-0.5,1
723.455,1.41316,0.542517,0.362771,0.299636,0.284441,-0.948304,0.900716,942.478,0.0386817,-0.0425768,0.0,0.800000011920929,0.0,1
723.458,1.38942,0.533409,0.356681,0.294607,0.279667,-0.949171,0.900718,942.478,0.00496761,0.00578861,1.0,0.0,0.0,1
723.463,1.35941,0.522161,0.349207,0.288455,0.273843,-0.95023,0.90088,942.478,0.895436,-0.0079625,0.800000011920929,0.0,0.0,1
723.503,1.10932,0.425904,0.2848,0.235237,0.22331,-0.959414,0.900738,942.478,2.8808,-0.00213263,0.0,0.20000000298023224,0.0,1
723.57,0.693506,0.266068,0.177885,0.146914,0.139454,-0.974655,0.900517,942.478,3.06208,0.0155657,0.0,1.0,0.0,1
723.589,0.58453,0.223403,0.149215,0.123169,0.116865,-0.978759,0.899345,942.478,-0.00593504,-0.00307561,0.0,1.0,0.0,1
723.589,0.580084,0.222836,0.14903,0.123104,0.11687,-0.978759,0.900909,942.478,0.00157803,-0.0105614,0.0,1.0,0.0,1
723.589,0.575564,0.222253,0.14884,0.123039,0.116875,-0.978759,0.902524,942.478,0.00203225,-0.00991935,0.0,1.0,0.0,1
723.589,0.571706,0.221751,0.148676,0.122982,0.11688,-0.978759,0.903922,942.478,0.0178767,0.00742426,0.0,1.0,0.0,1
723.589,0.567788,0.221237,0.148507,0.122924,0.116886,-0.978759,0.905363,942.478,9.91154E-4,-0.00867423,0.0,1.0,0.0,1
723.589,0.56455,0.220809,0.148367,0.122875,0.11689,-0.978759,0.906569,942.478,0.00136484,-0.00852893,0.0,1.0,-0.20000000298023224,1
723.589,0.559026,0.220072,0.148125,0.122792,0.116899,-0.978759,0.90866,942.478,0.023528,-0.0450699,0.0,0.0,-1.0,1
723.589,0.557773,0.219903,0.148069,0.122773,0.116901,-0.978759,0.90914,942.478,0.0433333,-0.0329979,0.0,0.0,-1.0,1
723.589,0.556658,0.219753,0.14802,0.122756,0.116903,-0.978759,0.909569,942.478,0.0592619,-0.0302735,0.0,0.0,-1.0,1
723.589,0.555788,0.219635,0.147981,0.122742,0.116904,-0.978759,0.909905,942.478,0.026008,-0.00750339,0.0,0.0,-1.0,1
723.589,0.55475,0.219494,0.147935,0.122727,0.116906,-0.978759,0.910307,942.478,0.0378325,-0.00958291,0.0,0.0,-0.5,1
723.589,0.553742,0.219358,0.14789,0.122711,0.116908,-0.978759,0.910699,942.478,0.0438718,-0.0172062,0.0,0.0,0.0,1
723.589,0.552545,0.219195,0.147836,0.122693,0.11691,-0.978759,0.911167,942.478,0.0574612,-0.0246349,1.0,0.0,0.0,1
723.593,0.526304,0.208943,0.140951,0.116991,0.111487,-0.979745,0.911417,942.478,0.663723,0.0140427,0.40000003576278687,0.0,0.0,1
723.62,0.361602,0.143518,0.0968085,0.0803493,0.0765667,-0.986089,0.911328,942.478,2.31728,-0.00747316,0.0,0.20000000298023224,0.0,1
723.66,0.103787,0.0411943,0.0277875,0.0230633,0.0219776,-0.996007,0.911342,942.478,2.48315,0.0050263,0.0,1.0,0.0,1
723.679,-1.0,-1.0,-1.0,-1.0,-1.0,-1.00031,0.910017,942.478,-0.00893561,-0.00420267,0.0,1.0,0.0,1
723.679,-1.0,-1.0,-1.0,-1.0,-1.0,-1.00031,0.909495,942.478,-0.00561789,-0.0125259,0.0,1.0,0.0,1
723.679,-1.0,-1.0,-1.0,-1.0,-1.0,-1.00031,0.909364,942.478,-0.00271558,-0.00989916,0.0,1.0,0.0,1
723.679,-1.0,-1.0,-1.0,-1.0,-1.0,-1.00031,0.909398,942.478,-0.0029989,-0.00973113,0.0,1.0,0.0,1
723.679,-1.0,-1.0,-1.0,-1.0,-1.0,-1.00031,0.909719,942.478,0.0156992,0.00870356,0.0,1.0,0.0,1
723.679,-1.0,-1.0,-1.0,-1.0,-1.0,-1.00031,0.909951,942.478,-0.00237153,-0.00838097,0.0,1.0,0.0,1
723.679,-1.0,-1.0,-1.0,-1.0,-1.0,-1.00031,0.910552,942.478,-0.00282865,-0.00866003,0.0,1.0,0.0,1
723.679,-1.0,-1.0,-1.0,-1.0,-1.0,-1.00031,0.91132,942.478,0.0157624,0.00926344,0.0,0.0,0.0,1
723.679,-1.0,-1.0,-1.0,-1.0,-1.0,-1.00031,0.911577,942.478,-0.0334844,-0.00340878,0.0,0.0,0.0,1
723.679,-1.0,-1.0,-1.0,-1.0,-1.0,-1.00031,0.911685,942.478,0.00208397,-0.00244638,0.0,0.0,0.0,1
723.679,-1.0,-1.0,-1.0,-1.0,-1.0,-1.00031,0.912087,942.478,0.0206682,-0.0177111,0.0,0.0,0.0,1
723.679,-1.0,-1.0,-1.0,-1.0,-1.0,-1.00031,0.911852,942.478,0.0429405,0.0103261,0.0,0.0,0.0,1
723.679,-1.0,-1.0,-1.0,-1.0,-1.0,-1.00031,0.911589,942.478,0.0795048,0.004847,0.0,0.0,0.0,1
723.679,-1.0,-1.0,-1.0,-1.0,-1.0,-1.00031,0.911406,942.478,0.081637,0.0047744,0.0,0.0,0.0,1
723.679,-1.0,-1.0,-1.0,-1.0,-1.0,-1.00031,0.911314,942.478,0.137144,0.0046207,0.0,0.0,0.0,1
723.679,-1.0,-1.0,-1.0,-1.0,-1.0,-1.00035,0.911103,942.478,0.143845,-0.00274331,0.0,0.0,0.0,1
723.679,-1.0,-1.0,-1.0,-1.0,-1.0,-1.00038,0.910865,942.478,0.144923,0.00209366,0.0,0.0,0.0,1
723.679,-1.0,-1.0,-1.0,-1.0,-1.0,-1.00055,0.910641,942.478,0.14863,1.48284E-4,0.0,0.0,0.0,1
723.679,-1.0,-1.0,-1.0,-1.0,-1.0,-1.00077,0.910389,942.478,0.152232,0.0010426,0.0,0.0,0.0,1
723.679,-1.0,-1.0,-1.0,-1.0,-1.0,-1.001,0.910115,942.478,0.154653,0.00145947,0.0,0.0,0.0,1
723.679,-1.0,-1.0,-1.0,-1.0,-1.0,-1.00115,0.909894,942.478,0.115167,-0.00162653,0.0,0.0,0.0,1
723.679,-1.0,-1.0,-1.0,-1.0,-1.0,-1.00148,0.909615,942.478,0.119658,-0.00342154,0.0,0.0,0.0,1
723.678,-1.0,-1.0,-1.0,-1.0,-1.0,-1.00193,0.909395,942.478,0.122715,-0.00495709,0.0,0.0,0.0,1
723.678,-1.0,-1.0,-1.0,-1.0,-1.0,-1.00237,0.909169,942.478,0.123184,-0.0021387,0.0,0.0,0.0,1
723.678,-1.0,-1.0,-1.0,-1.0,-1.0,-1.00277,0.908976,942.478,0.153043,0.00217086,0.0,0.0,0.0,1
723.678,-1.0,-1.0,-1.0,-1.0,-1.0,-1.00313,0.908781,942.478,0.0850074,0.00335105,0.0,0.0,0.0,1
723.678,-1.0,-1.0,-1.0,-1.0,-1.0,-1.00348,0.908529,942.478,0.111228,0.0029181,0.0,0.0,0.0,1
723.678,-1.0,-1.0,-1.0,-1.0,-1.0,-1.00392,0.908287,942.478,0.110849,0.00295405,0.0,0.0,0.0,1
723.678,-1.0,-1.0,-1.0,-1.0,-1.0,-1.00432,0.908176,942.478,0.167235,-6.59631E-4,0.0,0.0,0.0,1
723.678,-1.0,-1.0,-1.0,-1.0,-1.0,-1.00477,0.90792,942.478,0.166223,1.20181E-4,0.0,0.0,0.0,1
723.678,-1.0,-1.0,-1.0,-1.0,-1.0,-1.00521,0.907682,942.478,0.163733,-3.91504E-4,0.0,0.0,0.0,1
723.678,-1.0,-1.0,-1.0,-1.0,-1.0,-1.00545,0.90741,942.478,0.0614005,0.00323029,0.0,0.0,0.0,1
723.678,-1.0,-1.0,-1.0,-1.0,-1.0,-1.00563,0.907161,942.478,0.117542,0.00307673,0.0,0.0,0.0,1
723.678,-1.0,-1.0,-1.0,-1.0,-1.0,-1.00585,0.906842,942.478,0.114435,0.00337915,0.0,0.0,0.0,1
723.678,-1.0,-1.0,-1.0,-1.0,-1.0,-1.00603,0.906605,942.478,0.135024,0.00608361,0.0,0.0,0.0,1
723.678,-1.0,-1.0,-1.0,-1.0,-1.0,-1.00621,0.90635,942.478,0.0672707,0.00700789,0.0,0.0,0.0,1
723.678,-1.0,-1.0,-1.0,-1.0,-1.0,-1.0063,0.906049,942.478,0.0650884,0.00714255,0.0,0.0,0.0,1
723.678,-1.0,-1.0,-1.0,-1.0,-1.0,-1.0063,0.905803,942.478,0.0602096,0.00812143,0.0,0.0,0.0,1
723.678,-1.0,-1.0,-1.0,-1.0,-1.0,-1.0063,0.905568,942.478,0.080405,0.00701454,0.0,0.0,0.0,1
723.678,-1.0,-1.0,-1.0,-1.0,-1.0,-1.0063,0.905344,942.478,0.0767298,0.00695415,0.0,0.0,0.0,1
723.678,-1.0,-1.0,-1.0,-1.0,-1.0,-1.0063,0.905251,942.478,0.13137,0.0030982,0.0,0.0,0.0,1
723.678,-1.0,-1.0,-1.0,-1.0,-1.0,-1.0063,0.905054,942.478,0.127287,0.00450394,0.0,0.0,0.0,1
723.678,-1.0,-1.0,-1.0,-1.0,-1.0,-1.0063,0.90482,942.478,0.0250039,0.00281571,0.0,0.0,0.0,1
723.678,-1.0,-1.0,-1.0,-1.0,-1.0,-1.0063,0.904613,942.478,0.080317,0.00484344,0.0,0.0,0.0,1
723.678,-1.0,-1.0,-1.0,-1.0,-1.0,-1.0063,0.904417,942.478,0.101159,0.00961058,0.0,0.0,0.0,1
723.678,-1.0,-1.0,-1.0,-1.0,-1.0,-1.0063,0.904218,942.478,0.0355953,0.00872492,0.0,0.0,0.0,1
723.678,-1.0,-1.0,-1.0,-1.0,-1.0,-1.0063,0.90397,942.478,0.0335643,0.00885637,0.0,0.0,0.0,1
723.678,-1.0,-1.0,-1.0,-1.0,-1.0,-1.0063,0.903681,942.478,0.0547411,0.00982288,0.0,0.0,0.0,1
723.678,-1.0,-1.0,-1.0,-1.0,-1.0,-1.0063,0.903552,942.478,0.11287,0.00748435,0.0,0.0,0.0,1
723.678,-1.0,-1.0,-1.0,-1.0,-1.0,-1.0063,0.903251,942.478,0.110349,0.00858143,0.0,0.0,0.0,1
723.678,-1.0,-1.0,-1.0,-1.0,-1.0,-1.0063,0.902967,942.478,0.0114013,0.00697835,0.0,0.0,0.0,1
723.678,-1.0,-1.0,-1.0,-1.0,-1.0,-1.0063,0.902728,942.478,0.0697545,0.00729377,0.0,0.0,0.0,1
723.678,-1.0,-1.0,-1.0,-1.0,-1.0,-1.0063,0.902475,942.478,0.0881756,0.0160362,0.0,0.0,0.0,1
723.678,-1.0,-1.0,-1.0,-1.0,-1.0,-1.0063,0.902192,942.478,0.0906315,0.0124152,0.0,0.0,0.0,1
723.678,-1.0,-1.0,-1.0,-1.0,-1.0,-1.0063,0.901957,942.478,0.0261972,0.0128536,0.0,0.0,0.0,1
723.678,-1.0,-1.0,-1.0,-1.0,-1.0,-1.0063,0.901648,942.478,0.0495365,0.0112706,0.0,0.0,0.0,1
